Name,xBABIP,BABIP,LD%,TrueFB%,TrueIFFB%,Hard%,Spd,Pull GB While Shifted
Victor Martinez,0.26033402959690727,0.259,0.215,0.34169099999999997,0.029309,0.395,0.4,0.0019051494845360821
Adrian Beltre,0.3409085480282051,0.375,0.32,0.27064099999999996,0.016359,0.418,2.0,0.0004198717948717949
Todd Frazier,0.30829666937669903,0.262,0.254,0.306544,0.06145599999999999,0.465,4.1,0.0017843446601941747
Ichiro Suzuki,0.1934601026,0.243,0.139,0.278154,0.027846,0.135,2.1,0.0
Andrew Romine,0.2283089609,0.222,0.19399999999999998,0.305361,0.027638999999999997,0.158,5.4,0.0
Albert Pujols,0.2655335997799044,0.261,0.23399999999999999,0.30164399999999997,0.07635599999999998,0.405,1.0,0.0012887655502392343
Wilson Ramos,0.295643971448,0.331,0.222,0.2574,0.0176,0.39799999999999996,0.7,0.00051306
Chase Utley,0.2842514241339535,0.264,0.264,0.321885,0.023115,0.284,5.5,0.0013680453488372096
Jose Reyes,0.2570206936,0.176,0.19399999999999998,0.253544,0.07445599999999998,0.29,5.2,0.0
Miguel Cabrera,0.3455977060837647,0.352,0.25,0.185436,0.018563999999999997,0.46299999999999997,1.0,0.00016636941176470592
Joe Mauer,0.32149505792666666,0.323,0.242,0.195567,0.023432999999999995,0.395,1.3,0.0009445333333333333
Jose Bautista,0.254340577925,0.265,0.21600000000000003,0.37303200000000003,0.09796800000000001,0.49,1.9,0.0011284374999999999
Adrian Gonzalez,0.29093458316275,0.26,0.243,0.316548,0.007452,0.402,0.7,0.001693820625
Zack Greinke,0.2938543219,0.353,0.294,0.235451,0.11754899999999999,0.35,4.4,0.0
Ivan Nova,0.1717253013,0.0,0.154,0.15407700000000002,0.07692299999999999,0.0,0.1,0.0
David Peralta,0.31826041054651166,0.315,0.198,0.286605,0.010395,0.47600000000000003,4.3,0.0007046511627906977
Edwin Encarnacion,0.22916387279999997,0.248,0.201,0.44320099999999996,0.029799,0.396,1.3,0.0006792500000000001
Carlos Santana,0.19155274115954404,0.227,0.12300000000000001,0.384076,0.08892399999999999,0.358,3.1,0.0019437214507772023
Nelson Cruz,0.22276024387105264,0.239,0.145,0.37184799999999996,0.052152000000000004,0.401,1.6,0.0005134539473684211
Pedro Alvarez,0.17307384342800006,0.179,0.10800000000000001,0.44603899999999996,0.026961,0.307,1.7,0.0029916599999999997
Lucas Duda,0.26377165097199995,0.306,0.284,0.391779,0.039221,0.373,0.8,0.0015648399999999999
Yonder Alonso,0.21704031441537103,0.273,0.17,0.368483,0.06451699999999999,0.366,1.2,0.0017544791194968553
Pete Kozma,0.2160610765,0.188,0.152,0.39448500000000003,0.060515000000000006,0.364,3.7,0.0
Peter Bourjos,0.27805292,0.269,0.2,0.28,0.04,0.34600000000000003,4.8,0.0
Jhoulys Chacin,0.2847807,0.235,0.17600000000000002,0.059000000000000004,0.059000000000000004,0.25,1.1,0.0
Zack Cozart,0.25127832241932585,0.244,0.212,0.33741599999999994,0.07058400000000001,0.368,3.4,0.000499785393258427
Brandon Guyer,0.20851038,0.167,0.14300000000000002,0.429,0.0,0.349,0.6,0.0
Tony Cruz,0.29998308,0.214,0.2,0.33320000000000005,0.0668,0.6,1.6,0.0
Manny Pina,0.2787967301280992,0.236,0.23600000000000002,0.291611,0.03938900000000001,0.36200000000000004,2.0,0.00042584297520661154
Roberto Perez,0.2727532330665116,0.217,0.13,0.260528,0.043472000000000004,0.426,4.1,0.00048130116279069765
Tommy Pham,0.3402494315,0.327,0.228,0.24543500000000001,0.011565,0.45899999999999996,4.9,0.0
Mitch Moreland,0.2712473124347717,0.31,0.19399999999999998,0.359788,0.014211999999999999,0.389,4.4,0.002174830866141732
Gregor Blanco,0.31328898684109585,0.341,0.304,0.227962,0.03803800000000001,0.23800000000000002,6.2,0.00035342465753424653
Max Scherzer,0.30363394,0.31,0.207,0.138,0.0,0.207,4.6,0.0
Robinson Chirinos,0.2352680752,0.305,0.191,0.49420800000000004,0.033792,0.478,2.5,0.0
Shin-Soo Choo,0.308067362540884,0.332,0.212,0.293001,0.009999000000000001,0.452,2.8,0.002624627071823204
Welington Castillo,0.25813063126727276,0.325,0.217,0.312987,0.048013,0.374,0.7,0.0012046181818181822
Robinson Cano,0.2873933389926957,0.314,0.205,0.3116,0.016399999999999998,0.434,1.7,0.001119175652173913
Charlie Culberson,0.2662683704,0.325,0.138,0.275616,0.012384000000000001,0.313,6.3,0.0
Martin Prado,0.27855243999999996,0.231,0.256,0.308,0.0,0.282,2.2,0.0
Matt Joyce,0.2386776773277949,0.222,0.226,0.41064,0.024359999999999996,0.336,2.0,0.0017919482051282046
Nick Hundley,0.27120505978082193,0.288,0.259,0.419136,0.024863999999999997,0.40700000000000003,2.9,0.00022706849315068495
Cliff Pennington,0.275735,0.25,0.25,0.25,0.0,0.25,0.2,0.0
Ryan Braun,0.3158276614195489,0.272,0.243,0.277984,0.014015999999999999,0.368,5.7,0.00023075187969924814
Drew Butera,0.20277187119999998,0.197,0.231,0.41524800000000006,0.076752,0.299,0.9,0.0
Jeff Mathis,0.20831446439999998,0.275,0.154,0.410276,0.025724,0.3,3.3,0.0
Anthony Rizzo,0.2636084502648539,0.239,0.253,0.360873,0.036127,0.33299999999999996,3.1,0.001750425168539326
Eric Hosmer,0.34203101254895335,0.344,0.24,0.176293,0.014707,0.40700000000000003,3.1,0.0010487878756476683
Clayton Richard,0.3227375,0.2,0.4,0.2,0.0,0.125,1.6,0.0
Rene Rivera,0.28381996750000005,0.367,0.25,0.343875,0.031125,0.424,1.2,0.0
Rajai Davis,0.2909795987,0.276,0.22699999999999998,0.27292299999999997,0.034077,0.3,6.8,0.0
Eric Thames,0.2602022725192,0.222,0.185,0.42568500000000004,0.05531500000000001,0.5,4.6,0.0019370239999999999
Gregorio Petit,0.282644,0.4,0.3,0.3,0.0,0.2,3.4,0.0
Chris Young,0.18042446839999995,0.19,0.17600000000000002,0.382432,0.16156800000000002,0.275,7.1,0.0011469999999999998
Josh Reddick,0.23171032458429272,0.272,0.20800000000000002,0.377125,0.053875,0.321,3.2,0.001345227317073171
Melky Cabrera,0.2592726106,0.231,0.192,0.288414,0.038586,0.34600000000000003,2.0,0.000555
Dexter Fowler,0.2509246918917647,0.199,0.205,0.4112640000000001,0.020736000000000004,0.377,3.7,0.001012129411764706
Michael Brantley,0.28998900786000004,0.313,0.21600000000000003,0.320117,0.008883,0.387,3.7,0.0009632
Derek Holland,0.25082677999999997,0.167,0.0,0.16699999999999998,0.0,0.429,0.1,0.0
Gorkys Hernandez,0.2931459724,0.374,0.231,0.268596,0.05540400000000001,0.365,5.1,0.0
Jake Arrieta,0.33892600000000006,0.375,0.375,0.25,0.0,0.3,0.8,0.0
Ryan Zimmerman,0.29239507056976743,0.233,0.22,0.31883500000000004,0.022165,0.418,3.3,0.00030697674418604654
Howie Kendrick,0.30751504119999995,0.35,0.242,0.257748,0.024251999999999996,0.395,2.3,0.0
Jose Lobaton,0.30093369815925003,0.219,0.188,0.21899999999999997,0.0,0.344,3.4,0.001377894375
Matt Wieters,0.19547972817456,0.24,0.20800000000000002,0.37757999999999997,0.056420000000000005,0.226,1.0,0.0015126932
Joey Votto,0.3545157735162827,0.343,0.34299999999999997,0.281,0.0,0.4,3.2,0.0013393195959595957
Daniel Murphy,0.22593106000000002,0.125,0.375,0.43799999999999994,0.0,0.063,1.6,0.0
Erik Kratz,0.26084080000000004,0.304,0.154,0.423,0.0,0.5,2.2,0.0
Jed Lowrie,0.25929554496000007,0.341,0.225,0.38923199999999997,0.018768,0.39299999999999996,1.5,0.0008052000000000001
Starlin Castro,0.30203956155483874,0.338,0.225,0.265518,0.031481999999999996,0.374,4.7,0.00046161290322580646
Russell Martin,0.21347439633529414,0.192,0.136,0.30921699999999996,0.063783,0.327,1.4,0.00034658823529411763
Brandon McCarthy,0.40161728,0.222,0.375,0.125,0.0,0.364,2.6,0.0
Chase Headley,0.2883647630714286,0.188,0.21899999999999997,0.281,0.0,0.375,0.6,0.0007730357142857143
Curtis Granderson,0.33099615085999995,0.354,0.327,0.326624,0.019376,0.41,3.6,0.00240345
Brian McCann,0.161361922576,0.238,0.2,0.43820099999999995,0.10479899999999999,0.245,1.5,0.00133897
Jarrod Dyson,0.2557948738,0.203,0.20600000000000002,0.24460199999999999,0.07639800000000001,0.21,7.8,0.0
Carlos Gomez,0.21026106700000002,0.229,0.184,0.41503,0.07497,0.303,5.7,0.0
Mike Moustakas,0.26901521865158884,0.266,0.231,0.35397000000000006,0.08303,0.446,3.6,0.0017606859813084114
Ender Inciarte,0.26165106709999997,0.27,0.19399999999999998,0.30135899999999993,0.021640999999999997,0.255,6.4,0.0
Jon Lester,0.26282736,0.2,0.16699999999999998,0.16699999999999998,0.0,0.20800000000000002,1.1,0.0
Jason Heyward,0.2244324000917647,0.283,0.172,0.343476,0.079524,0.32899999999999996,4.2,0.000962629411764706
Giancarlo Stanton,0.26454495047957893,0.303,0.16399999999999998,0.33304,0.03496,0.409,4.4,0.0006984284210526314
Asdrubal Cabrera,0.28482120169975,0.297,0.21600000000000003,0.333597,0.029403,0.449,2.0,0.0012088981250000003
Luis Valbuena,0.23960909450750004,0.3,0.20199999999999999,0.387612,0.056388,0.397,2.2,0.00204080625
Josh Donaldson,0.27519021619298883,0.303,0.191,0.29799000000000003,0.03201,0.37200000000000005,4.0,0.0005580080898876404
Jefry Marte,0.25588621202218753,0.297,0.239,0.298214,0.05978599999999999,0.284,3.3,0.0006520414062499999
Alex Gordon,0.3124882712875,0.306,0.217,0.23036399999999999,0.006635999999999999,0.375,3.2,0.00277265625
Justin Upton,0.291373016877037,0.307,0.21,0.35335,0.016649999999999998,0.45299999999999996,3.7,0.0005808185185185186
Cameron Maybin,0.3130648616,0.283,0.272,0.248064,0.023936000000000002,0.33899999999999997,3.4,0.0
Jon Jay,0.3313554547955294,0.369,0.21899999999999997,0.178425,0.004575,0.355,4.5,0.0002588988235294118
Justin Turner,0.21698626869999998,0.263,0.183,0.426423,0.036577,0.366,1.3,0.0
Robbie Grossman,0.24640378196819998,0.291,0.248,0.36452999999999997,0.05447,0.349,0.9,0.0007577415
Sandy Leon,0.21687835306229508,0.292,0.152,0.408736,0.015264000000000002,0.303,4.1,0.0012650491803278686
Francisco Cervelli,0.2179378656,0.28,0.17300000000000001,0.45662400000000003,0.047376,0.386,4.0,0.0
Aaron Hicks,0.2702837370285255,0.264,0.192,0.36291300000000004,0.048087,0.41600000000000004,6.0,0.0011984763503649636
Brandon Crawford,0.31386895535794596,0.37,0.27699999999999997,0.266409,0.030591,0.381,2.7,0.0005950183783783784
Yangervis Solarte,0.2454472059213145,0.253,0.228,0.306446,0.064554,0.306,1.8,0.001033186854460094
Freddie Freeman,0.332935471625,0.373,0.301,0.361,0.0,0.457,4.0,0.0016371875
Juan Lagares,0.298651024,0.392,0.22,0.17996,0.04004,0.235,7.1,0.0
Jake Smolinski,0.2006223894,0.148,0.111,0.33292600000000006,0.074074,0.222,8.5,0.0
Pablo Sandoval,0.27852346966371433,0.341,0.21100000000000002,0.255331,0.055668999999999996,0.41100000000000003,0.5,0.0005874278571428572
Jose Altuve,0.32823346638215767,0.381,0.27699999999999997,0.296949,0.012051,0.387,5.6,0.00018037344398340245
Ji-Man Choi,0.3160753975,0.357,0.25,0.312375,0.06262499999999999,0.563,1.3,0.0
Jose Pirela,0.29680113284722576,0.339,0.203,0.21200200000000002,0.053998000000000004,0.35600000000000004,4.9,0.00011542193548387098
Abraham Almonte,0.232303708968,0.217,0.096,0.37403400000000003,0.011966000000000001,0.379,5.2,0.0003729600000000001
Austin Romine,0.2922305756,0.358,0.263,0.280924,0.035076,0.368,1.3,0.0
Marwin Gonzalez,0.291196110785,0.333,0.23399999999999999,0.341867,0.019132999999999997,0.39,4.6,0.0009426375
Matt Kemp,0.2996008164260392,0.396,0.259,0.36784,0.01216,0.47,1.2,0.000570238431372549
Devin Mesoraco,0.2142379060469524,0.233,0.185,0.326056,0.097944,0.337,1.2,0.0011030854761904761
Steven Souza Jr.,0.20291890177333335,0.233,0.1,0.366318,0.066682,0.4,2.0,0.0008094666666666668
A.J. Ellis,0.30865113439999997,0.387,0.258,0.22577599999999998,0.048223999999999996,0.406,0.8,0.0
Hernan Perez,0.25448938320000003,0.311,0.20800000000000002,0.311328,0.056672,0.327,3.7,0.0
Avisail Garcia,0.27354383489999995,0.286,0.14,0.228021,0.034979,0.40399999999999997,1.9,0.0
Wilmer Flores,0.18783067399999998,0.26,0.159,0.42966,0.06534000000000001,0.34600000000000003,0.9,0.0
Leury Garcia,0.32431852,0.326,0.209,0.22,0.0,0.326,7.5,0.0
Nick Markakis,0.3019981113371428,0.343,0.257,0.288192,0.015808000000000003,0.379,2.0,0.00030102857142857146
Jean Segura,0.29984923010000003,0.376,0.225,0.204829,0.052171,0.29100000000000004,6.6,0.0
Jesus Sucre,0.26631443039999997,0.222,0.222,0.31701599999999996,0.015983999999999998,0.308,2.9,0.0
Didi Gregorius,0.24155007658387098,0.25,0.177,0.413589,0.039410999999999995,0.369,6.1,0.0007637903225806452
Moises Sierra,0.2210138,0.25,0.083,0.278,0.0,0.25,3.7,0.0
Eduardo Escobar,0.26846443535000003,0.354,0.254,0.430464,0.041536000000000003,0.435,3.4,0.0007031250000000001
J.D. Martinez,0.31910655135585886,0.353,0.214,0.31783199999999995,0.005167999999999999,0.505,3.2,0.0009732536470588233
Ian Kinsler,0.21699633741790095,0.206,0.183,0.40803,0.060969999999999996,0.32899999999999996,4.2,0.0007389382178217822
Alcides Escobar,0.26522530399999994,0.224,0.185,0.30536,0.04164,0.341,5.3,0.0
Danny Valencia,0.2473408683807018,0.307,0.2,0.33293999999999996,0.025060000000000002,0.308,2.5,0.000553469298245614
Adam Jones,0.24187256185658668,0.319,0.214,0.350489,0.038511000000000004,0.33899999999999997,0.9,0.0003463957333333334
Jordy Mercer,0.253549582616568,0.306,0.237,0.35607,0.03393,0.311,2.9,6.179881656804734e-05
Bobby Wilson,0.17765140799999998,0.171,0.095,0.33372,0.07128000000000001,0.302,0.7,0.0
Sean Rodriguez,0.1831498399,0.219,0.16399999999999998,0.432471,0.074529,0.254,5.3,0.0
Freddy Galvis,0.2936355100357405,0.295,0.21,0.297346,0.019654,0.39299999999999996,4.1,0.0003552102162162162
J.B. Shuck,0.2643467350764706,0.228,0.209,0.24195600000000003,0.04404400000000001,0.237,5.0,0.00033419117647058826
Julio Teheran,0.16752749999999997,0.176,0.059000000000000004,0.2352,0.0588,0.191,0.1,0.0
Eduardo Nunez,0.249059372,0.287,0.18100000000000002,0.23088000000000003,0.06512000000000001,0.265,3.7,0.0
Mark Trumbo,0.275509126936198,0.317,0.22899999999999998,0.28538099999999994,0.047619,0.381,1.2,0.0003594635643564356
Ian Desmond,0.31773614000000006,0.23,0.183,0.18899999999999997,0.0,0.337,5.7,0.0
Martin Maldonado,0.2409850698,0.313,0.233,0.368242,0.03775800000000001,0.319,1.3,0.0
Chase Anderson,0.27637443999999994,0.333,0.2,0.2,0.0,0.222,2.6,0.0
Yadier Molina,0.327509837,0.266,0.26899999999999996,0.28413,0.03087,0.47700000000000004,2.2,0.0
Caleb Joseph,0.25157364000000004,0.25,0.245,0.377,0.0,0.222,4.9,0.0
Juan Centeno,0.3008237382758621,0.172,0.233,0.267,0.0,0.36700000000000005,1.6,0.00028017241379310343
Logan Forsythe,0.22141567825456604,0.243,0.174,0.376243,0.036757000000000005,0.294,3.6,0.0003894667924528301
Matt Davidson,0.27004652573170207,0.323,0.213,0.34276,0.03724,0.444,0.7,0.000985243085106383
Carlos Gonzalez,0.24347539321300812,0.325,0.16,0.327936,0.038064,0.311,5.5,0.0019419918699186993
Salvador Perez,0.2505704736291391,0.224,0.19,0.41722000000000004,0.042780000000000006,0.466,2.4,0.0009642384105960264
Chris Gimenez,0.1981371125,0.188,0.125,0.25012500000000004,0.12487499999999999,0.25,4.7,0.0
Ben Zobrist,0.286223011575,0.307,0.242,0.320013,0.012986999999999999,0.344,3.5,0.0010890625
Gio Gonzalez,0.268096,0.125,0.0,0.0,0.0,0.3,0.1,0.0
Alex Avila,0.32549264823199997,0.196,0.271,0.292,0.0,0.45799999999999996,0.6,0.00408654
Neil Walker,0.23306596014194497,0.255,0.17,0.3843,0.0357,0.375,2.5,0.0011743288073394497
Lonnie Chisenhall,0.309134252116093,0.409,0.27899999999999997,0.395,0.0,0.386,6.6,0.0007068893023255815
Mark Reynolds,0.21872131382666665,0.267,0.13699999999999998,0.352558,0.078442,0.431,0.9,0.0008045333333333333
Miguel Rojas,0.2601527075,0.241,0.21,0.25327500000000003,0.053724999999999995,0.298,2.4,0.0
Charlie Blackmon,0.2807552562127659,0.314,0.204,0.30558,0.024420000000000004,0.33299999999999996,6.0,0.0013385106382978725
Jonathan Lucroy,0.2896634586,0.3,0.22399999999999998,0.279594,0.037406,0.401,2.2,0.0
Tyson Ross,0.42958588,0.2,0.429,0.0,0.0,0.294,0.1,0.0
Ryan Flaherty,0.3045559395868001,0.33,0.231,0.17600000000000002,0.0,0.247,3.2,0.0008284209999999999
Eric Sogard,0.26866780900000004,0.164,0.25,0.33320999999999995,0.049789999999999994,0.32299999999999995,4.3,0.0
Tim Beckham,0.22734175750000005,0.25,0.14300000000000002,0.339375,0.035625000000000004,0.316,3.7,0.0
Jose Martinez,0.32331928242110636,0.34,0.26899999999999996,0.24909399999999995,0.019906,0.413,1.6,0.00019682425531914892
Hanley Ramirez,0.2409170058455224,0.283,0.153,0.28458,0.055420000000000004,0.313,4.2,0.0007349608208955223
Matt Carpenter,0.2746524522756,0.278,0.255,0.479,0.0,0.488,1.3,0.0018479070000000002
Josh Harrison,0.30305091199999995,0.318,0.303,0.34868,0.03032,0.34600000000000003,5.3,0.0
Dee Gordon,0.28038864139999997,0.33,0.222,0.23640600000000003,0.009594,0.179,7.0,0.0
Hunter Pence,0.23802507939999998,0.278,0.204,0.24042599999999997,0.092574,0.259,2.9,0.0
Kurt Suzuki,0.24795573254541356,0.268,0.228,0.379636,0.048364,0.379,1.6,0.00034782744360902244
Chris Iannetta,0.28507558594000004,0.29,0.23800000000000002,0.33299999999999996,0.0,0.387,1.0,0.00016055
Francisco Pena,0.2300256276,0.259,0.133,0.216804,0.050196000000000005,0.267,1.3,0.0
Denard Span,0.31620752764169013,0.284,0.28,0.29256,0.02544,0.36,5.2,0.0005263830985915494
Homer Bailey,0.23086308,0.375,0.0,0.0,0.0,0.154,0.1,0.0
Pedro Florimon,0.30052636740000005,0.371,0.297,0.32394599999999996,0.054054,0.324,6.9,0.0
Daniel Descalso,0.25320178760646156,0.339,0.214,0.42834,0.05566,0.444,4.0,0.0009841715384615384
Ehire Adrianza,0.30696619014999993,0.324,0.284,0.339475,0.027525000000000004,0.363,5.9,0.00047987499999999994
Gerardo Parra,0.3014489101751592,0.351,0.24,0.26317500000000005,0.011825,0.326,4.1,0.0005714968152866242
Kendrys Morales,0.2740933528235659,0.267,0.191,0.34524,0.014759999999999997,0.434,2.0,0.0013128899224806201
Paulo Orlando,0.24986060769999993,0.25,0.192,0.23053299999999996,0.038467,0.25,1.5,0.0
Elvis Andrus,0.28677409000000004,0.313,0.2,0.2601,0.0399,0.42,1.5,0.0
Jason Castro,0.28960063054054047,0.216,0.263,0.28977200000000003,0.026228,0.368,0.6,0.0015702162162162165
Tanner Roark,0.23972201999999998,0.176,0.059000000000000004,0.11800000000000001,0.0,0.21100000000000002,1.6,0.0
Gordon Beckham,0.16392791999999998,0.259,0.111,0.519,0.0,0.276,3.3,0.0
Justin Smoak,0.19363991260624,0.276,0.13699999999999998,0.428652,0.012348,0.311,1.1,0.0020202828000000003
Lorenzo Cain,0.29134672524507776,0.332,0.191,0.264435,0.024565,0.368,4.8,8.972020725388601e-05
Khris Davis,0.22652084523677854,0.248,0.136,0.437806,0.041193999999999995,0.491,1.5,0.0007828161073825504
Tyler Flowers,0.2804173523,0.323,0.212,0.39386699999999997,0.015133,0.5,1.2,0.0
Buster Posey,0.28878797919999993,0.312,0.20199999999999999,0.315568,0.010432,0.39399999999999996,4.0,0.0
Logan Morrison,0.23290720155730663,0.217,0.196,0.36096200000000006,0.07603800000000001,0.371,2.7,0.0023564091333333334
Paul Goldschmidt,0.31682579447286624,0.344,0.247,0.333408,0.034592,0.47100000000000003,5.4,0.0007883426751592357
Starling Marte,0.2673147132398774,0.331,0.18600000000000003,0.30469499999999994,0.028305,0.28300000000000003,7.5,0.0002941840490797546
A.J. Pollock,0.3036931446000001,0.32,0.21100000000000002,0.350874,0.035126,0.456,7.4,0.000505
Chris Davis,0.244647858256,0.229,0.192,0.34159999999999996,0.0084,0.336,0.3,0.00299532
Patrick Corbin,0.3177325,0.467,0.28600000000000003,0.14300000000000002,0.0,0.235,0.2,0.0
Brock Holt,0.30635215286292133,0.357,0.265,0.203728,0.010272,0.222,4.8,0.0006426966292134832
Evan Longoria,0.2676577394270476,0.277,0.174,0.36297599999999997,0.035024,0.46299999999999997,3.3,0.0010255695238095238
Matt Adams,0.27007557495049506,0.282,0.233,0.379638,0.034362,0.44799999999999995,1.0,0.002217608910891089
David Freese,0.28345285806315784,0.308,0.244,0.243712,0.012288,0.281,1.3,0.00039473684210526315
Craig Gentry,0.2588678889,0.314,0.193,0.18068099999999998,0.048319,0.149,6.3,0.0
Yan Gomes,0.24011665561682247,0.33,0.212,0.37327,0.08472999999999999,0.43200000000000005,1.2,0.0006960280373831776
Justin Bour,0.27479268945897445,0.28,0.22,0.297303,0.041697,0.391,1.5,0.001743641025641026
Christian Vazquez,0.2136395944,0.243,0.192,0.370176,0.013824000000000001,0.21100000000000002,2.6,0.0
Jason Kipnis,0.23905847001318684,0.241,0.20199999999999999,0.39388,0.03612,0.35700000000000004,2.8,0.0011343296703296704
Nolan Arenado,0.3082426281677333,0.344,0.276,0.296032,0.055968000000000004,0.408,4.2,0.0005500846666666668
Kyle Seager,0.23484207214087124,0.245,0.192,0.410346,0.036654,0.386,2.3,0.002426241683168317
Miles Mikolas,0.19264641999999998,0.0,0.111,0.33299999999999996,0.0,0.231,0.1,0.0
Ryan Goins,0.297010447573913,0.316,0.289,0.236402,0.05259799999999999,0.28800000000000003,3.2,0.000475913043478261
Brian Dozier,0.21404182730403945,0.244,0.135,0.367744,0.074256,0.354,4.7,0.001393607881773399
Andrew McCutchen,0.31957605683147544,0.33,0.276,0.35212799999999994,0.040872,0.469,5.5,0.0008256459016393443
Austin Jackson,0.3046557243,0.4,0.271,0.259347,0.011653,0.318,2.5,0.0
DJ LeMahieu,0.31167286,0.304,0.23199999999999998,0.27399999999999997,0.0,0.373,4.0,0.0
Jay Bruce,0.23985659321492997,0.261,0.233,0.43538599999999994,0.018613999999999995,0.325,3.3,0.0018587814012738858
Colby Rasmus,0.26232461250000005,0.25,0.25,0.25012500000000004,0.12487499999999999,0.375,1.6,0.0
Brett Gardner,0.2597429627510588,0.3,0.168,0.2934,0.032600000000000004,0.293,6.5,0.0001779976470588235
Trayce Thompson,0.18563760340540542,0.158,0.152,0.40481999999999996,0.06318,0.225,5.6,0.0004621621621621622
Steve Pearce,0.30825091922736,0.288,0.273,0.326715,0.018285,0.418,2.6,0.0010182592
Chris Owings,0.250353521,0.25,0.19399999999999998,0.35629,0.03871,0.336,4.7,0.0
Wil Myers,0.38701132,0.393,0.276,0.276,0.0,0.586,5.0,0.0
Max Stassi,0.2445491294,0.338,0.14800000000000002,0.32112599999999997,0.036874000000000004,0.395,1.7,0.0
Tomas Telis,0.1528595989,0.286,0.14300000000000002,0.38138099999999997,0.047619,0.14300000000000002,1.1,0.0
Jonathan Villar,0.3341761044914546,0.384,0.20600000000000002,0.1431,0.0159,0.35100000000000003,5.1,0.0005603586363636363
Stephen Strasburg,0.30144116,0.167,0.17600000000000002,0.059000000000000004,0.0,0.23800000000000002,0.1,0.0
Mike Trout,0.30983079962163745,0.349,0.262,0.395227,0.035773,0.467,6.9,0.000531345029239766
Billy Hamilton,0.2808829117,0.288,0.278,0.25549299999999997,0.06750699999999998,0.184,8.6,0.0
Tucker Barnhart,0.3088729627733333,0.308,0.26899999999999996,0.25056,0.03744000000000001,0.37200000000000005,2.4,0.0012234666666666666
Jose Iglesias,0.2588310078,0.288,0.222,0.292462,0.056538,0.245,6.6,0.0
Randal Grichuk,0.18559729653888885,0.203,0.111,0.39490100000000006,0.08609900000000001,0.33299999999999996,4.5,0.0006500694444444445
Brandon Belt,0.28747556541111113,0.353,0.295,0.472392,0.013607999999999999,0.439,4.1,0.0012268055555555554
Zack Wheeler,0.2388759,0.333,0.294,0.2352,0.0588,0.111,0.6,0.0
Marcell Ozuna,0.2917185154791666,0.327,0.18,0.29614,0.03886,0.466,3.8,0.00042942708333333336
Scooter Gennett,0.2827920297011518,0.387,0.244,0.34660199999999997,0.019398,0.39399999999999996,2.2,0.00048139476439790576
John Ryan Murphy,0.23342948880000003,0.274,0.222,0.4691519999999999,0.073848,0.47600000000000003,1.7,0.0
Domingo Santana,0.3111822905606897,0.37,0.23,0.253878,0.008122,0.41,1.6,0.0004131879310344827
Adeiny Hechavarria,0.29865998139999994,0.316,0.261,0.29420599999999997,0.016794000000000003,0.38,1.4,0.0
Enrique Hernandez,0.16585583374571422,0.227,0.14300000000000002,0.44488900000000003,0.084111,0.3,2.6,0.0005763428571428571
Cheslor Cuthbert,0.19616321472210518,0.218,0.111,0.38217300000000004,0.024827000000000002,0.309,1.9,0.0004215078947368421
Derek Dietrich,0.2899057434096568,0.351,0.242,0.30759400000000003,0.038406,0.385,3.5,0.0003947398816568047
Cesar Hernandez,0.2542081803365817,0.332,0.203,0.33652,0.02148,0.273,5.4,0.0003891934545454546
Chad Bettis,0.3148355399999999,0.214,0.308,0.077,0.0,0.067,2.6,0.0
David Freitas,0.25987507330000004,0.31,0.19,0.309357,0.023642999999999994,0.35700000000000004,1.7,0.0
Carlos Perez,0.23448560000000002,0.196,0.28300000000000003,0.348,0.08700000000000001,0.245,2.9,0.0
Giovanny Urshela,0.1406206435,0.281,0.091,0.333515,0.12148500000000001,0.212,2.4,0.0
Ryan LaMarre,0.3283399606,0.375,0.29600000000000004,0.203574,0.055426,0.39299999999999996,1.8,0.0
Corey Dickerson,0.27325268216575604,0.335,0.26899999999999996,0.35645099999999996,0.036549,0.309,4.8,0.0003935639024390244
Lane Adams,0.19955308000000002,0.25,0.083,0.25,0.0,0.154,2.6,0.0
Tyler Saladino,0.36703332,0.379,0.344,0.344,0.0,0.546,1.9,0.0
Mike Foltynewicz,0.14029444000000002,0.286,0.0,0.4,0.0,0.222,2.6,0.0
Jurickson Profar,0.26510945952193754,0.253,0.214,0.315202,0.043798,0.28600000000000003,6.7,0.0007551895312500001
Jedd Gyorko,0.2325193878,0.304,0.168,0.34606200000000004,0.07493800000000002,0.402,2.1,0.0
Andrelton Simmons,0.29614643234710675,0.318,0.21600000000000003,0.2484,0.05159999999999999,0.375,4.8,0.0002280673786407767
Adam Duvall,0.22828863565608634,0.209,0.2,0.412929,0.060071,0.39299999999999996,2.1,0.0014257670503597122
Greg Garcia,0.24728731600000003,0.298,0.21100000000000002,0.33304,0.03496,0.317,2.0,0.0
Phil Gosselin,0.26437751,0.133,0.25,0.1875,0.0625,0.188,2.6,0.0
Jacob deGrom,0.10868333329999995,0.133,0.14300000000000002,0.35735700000000004,0.07164299999999998,0.0,0.1,0.0
Evan Gattis,0.22429273739416059,0.27,0.2,0.41919,0.05181,0.361,2.6,0.0004322627737226277
Kevin Kiermaier,0.19137677200000003,0.28,0.12,0.31988,0.12012,0.24,8.1,0.0
Vince Velasquez,0.22128883,0.4,0.0,0.0665,0.0665,0.294,0.6,0.0
Kole Calhoun,0.28552691187075,0.185,0.168,0.26730000000000004,0.0077,0.35100000000000003,5.1,0.0027143306250000006
Adam Eaton,0.33990635999999996,0.341,0.261,0.28300000000000003,0.0,0.478,2.6,0.0
Jabari Blash,0.13898962,0.222,0.111,0.444,0.0,0.111,2.2,0.0
Matt Szczur,0.22361565000000003,0.255,0.191,0.27690000000000003,0.14909999999999998,0.292,6.3,0.0
Jonathan Schoop,0.18824764618108106,0.24,0.14,0.305562,0.09543800000000001,0.247,2.6,0.001107182432432432
Aaron Altherr,0.24299078684,0.231,0.16399999999999998,0.318542,0.054458,0.364,3.1,0.0002088
Whit Merrifield,0.30185777820000004,0.343,0.267,0.31807799999999997,0.050922,0.408,4.5,0.0
Bryan Holaday,0.18175369200000002,0.2,0.214,0.39248,0.05352,0.179,0.8,0.0
Adrian Sanchez,0.20280195999999998,0.211,0.111,0.278,0.0,0.158,2.6,0.0
Jake Marisnick,0.22671953820000004,0.274,0.231,0.353678,0.092322,0.26899999999999996,4.9,0.0
Jesus Aguilar,0.264633629153356,0.333,0.25,0.44077599999999995,0.022223999999999997,0.441,1.6,0.0005831450847457627
Yasmani Grandal,0.23797667410656712,0.271,0.159,0.37113300000000005,0.039867,0.40399999999999997,2.4,0.0013844074626865673
Delino DeShields,0.26977490140000004,0.289,0.187,0.291006,0.014994,0.255,7.4,0.0
Ronald Torreyes,0.2618542957999999,0.375,0.23199999999999998,0.26798200000000005,0.018018000000000003,0.25,1.4,0.0
Jose Quintana,0.250554,0.0,0.1,0.1,0.0,0.2,0.1,0.0
Gary Sanchez,0.19315045728629784,0.199,0.136,0.33813000000000004,0.10386999999999999,0.33799999999999997,1.9,0.0014550919148936172
Mark Canha,0.2580821964973,0.283,0.21899999999999997,0.35103599999999996,0.046964,0.39799999999999996,1.5,0.00024444975000000003
Tony Wolters,0.20866519999999997,0.171,0.11699999999999999,0.273,0.039,0.205,3.9,0.0
Dixon Machado,0.29620146446031587,0.247,0.259,0.283578,0.018421999999999997,0.337,2.8,0.0007100786842105263
Odubel Herrera,0.24763898701466672,0.342,0.225,0.270135,0.07486499999999999,0.262,3.4,0.0003118933333333333
Christian Yelich,0.3581589014480001,0.355,0.243,0.225624,0.011375999999999999,0.449,6.7,0.0006060600000000001
Michael A. Taylor,0.2890490563854856,0.324,0.184,0.271791,0.027208999999999997,0.325,7.8,0.0004833211428571428
Manny Machado,0.20083122702202874,0.311,0.172,0.422985,0.066015,0.348,2.1,0.0003550903349282296
Bryce Harper,0.2804382269472942,0.212,0.217,0.37705799999999995,0.016941999999999995,0.429,3.7,0.0021262282352941175
Jose Urena,0.13414514,0.2,0.0,0.33299999999999996,0.0,0.16699999999999998,0.1,0.0
Yolmer Sanchez,0.2912472785185882,0.315,0.221,0.260832,0.025168000000000006,0.289,6.4,0.00024773647058823535
Willson Contreras,0.22756049543020118,0.331,0.131,0.32004,0.03996,0.298,4.8,0.00013499041420118345
Brandon Drury,0.27054726,0.25,0.294,0.41200000000000003,0.0,0.353,0.3,0.0
Jameson Taillon,0.22355655999999996,0.143,0.071,0.14300000000000002,0.0,0.188,0.1,0.0
Elias Diaz,0.248818051,0.291,0.19,0.29739,0.04761,0.33299999999999996,2.0,0.0
Carlos Martinez,0.34089892,0.364,0.33299999999999996,0.16699999999999998,0.0,0.28600000000000003,0.1,0.0
Matt Harvey,0.26805777000000003,0.154,0.16699999999999998,0.08349999999999999,0.08349999999999999,0.28600000000000003,0.1,0.0
Nicholas Castellanos,0.3346432606946859,0.383,0.294,0.35823600000000005,0.013764000000000004,0.491,4.1,0.0008294082125603865
Christian Villanueva,0.1733551587133913,0.246,0.15,0.43627800000000005,0.097722,0.331,2.6,0.0003965113043478261
J.T. Realmuto,0.30608359848000005,0.336,0.23600000000000002,0.29241,0.04959,0.429,5.0,0.0004431000000000001
Drew Robinson,0.32649271714199996,0.382,0.303,0.2424,0.0606,0.4,3.4,0.002077365
Noah Syndergaard,0.1384205,0.222,0.111,0.333,0.111,0.2,0.1,0.0
Leonys Martin,0.2350147960746836,0.302,0.174,0.447496,0.040504,0.382,6.5,0.000956610759493671
Tyler Austin,0.2779063599912,0.311,0.24600000000000002,0.33304000000000006,0.028960000000000003,0.36200000000000004,2.7,0.000607614
Yadiel Rivera,0.298045,0.275,0.2,0.15,0.0,0.25,2.5,0.0
Ronny Rodriguez,0.27731812,0.125,0.25,0.2504,0.0626,0.313,2.6,0.0
Noel Cuevas,0.22627630400000004,0.31,0.21100000000000002,0.23936000000000002,0.11264000000000002,0.23600000000000002,2.8,0.0
Joc Pederson,0.24707068243411204,0.282,0.18,0.395978,0.043022000000000005,0.389,5.2,0.00138891264
Joe Panik,0.2635372120491603,0.239,0.19699999999999998,0.299242,0.014758,0.304,3.3,0.00045615114503816785
Travis Shaw,0.22386623620674156,0.253,0.185,0.369367,0.06163300000000001,0.355,1.8,0.0013978960674157306
Kyle Hendricks,0.11523658,0.133,0.067,0.26680000000000004,0.13319999999999999,0.133,0.1,0.0
Niko Goodrum,0.24880093112872728,0.301,0.147,0.375482,0.018518,0.36700000000000005,5.9,0.0009320018181818181
Max Kepler,0.22109577391311477,0.243,0.153,0.40315199999999995,0.05084799999999999,0.38299999999999995,3.4,0.0010131024590163934
Nick Ahmed,0.29517050340329115,0.244,0.263,0.339405,0.023595,0.374,4.2,0.0001576481012658228
Eddie Rosario,0.26147375124643213,0.343,0.23,0.391755,0.06324500000000001,0.397,5.3,0.0010981786432160802
Austin Barnes,0.30008559999999995,0.28,0.22399999999999998,0.1576,0.0394,0.263,4.2,0.0
Ben Gamel,0.3252243087659574,0.378,0.303,0.253,0.0,0.242,6.8,0.0003306382978723404
Xander Bogaerts,0.2526993772,0.307,0.195,0.322388,0.051612000000000005,0.371,2.3,0.0
Miguel Sano,0.2020906818890811,0.303,0.133,0.42158999999999996,0.04841,0.39799999999999996,1.2,0.0005371924324324324
Maikel Franco,0.21571496126678477,0.248,0.147,0.28835700000000003,0.058643,0.27699999999999997,1.9,0.0006797053164556962
Jorge Alfaro,0.30527494,0.385,0.257,0.267,0.0,0.337,2.2,0.0
Scott Schebler,0.3124017281699574,0.315,0.2,0.264496,0.006504,0.426,3.9,0.0018637682978723405
Rougned Odor,0.23107108191058826,0.296,0.163,0.357346,0.08165400000000002,0.387,4.3,0.002082476470588235
Kevan Smith,0.21163072,0.469,0.156,0.281,0.0,0.156,1.2,0.0
Cory Spangenberg,0.35153437501538465,0.286,0.295,0.295,0.0,0.374,8.5,0.0005033846153846154
Jace Peterson,0.24904174242171423,0.267,0.187,0.29356200000000005,0.053438000000000006,0.263,6.2,0.0005550628571428571
Tommy La Stella,0.2721447424020298,0.357,0.214,0.22818200000000002,0.042818,0.3,2.0,0.0011222077611940297
Ryan Rua,0.2708314110888889,0.222,0.161,0.28543799999999997,0.053562,0.35100000000000003,7.6,0.0006944444444444445
Kevin Pillar,0.3085221898031884,0.288,0.275,0.26632500000000003,0.068675,0.35200000000000004,6.5,0.0002194550724637681
Jett Bandy,0.27233835100000003,0.275,0.317,0.29299,0.12201,0.366,1.3,0.0
Curt Casali,0.21073581,0.467,0.188,0.4375,0.0625,0.353,3.2,0.0
Kolten Wong,0.21880519789241384,0.206,0.128,0.272064,0.039936,0.233,3.7,0.0006108827586206897
Marcus Semien,0.26022516698558906,0.301,0.21899999999999997,0.31804099999999996,0.042959000000000004,0.313,4.0,0.00033368575342465753
C.J. Cron,0.2441395654240935,0.281,0.177,0.322232,0.053768,0.366,2.4,0.0005487625730994151
John Hicks,0.24235245091675678,0.371,0.183,0.391432,0.041568,0.402,2.9,0.0005569027027027027
Eugenio Suarez,0.2897523010128333,0.307,0.23199999999999998,0.37747800000000004,0.024522000000000002,0.488,2.0,0.0008715629166666666
Trevor Story,0.28288459912445457,0.328,0.221,0.40512499999999996,0.057874999999999996,0.474,6.7,0.00036255613636363636
Mike Marjama,0.22671474,0.143,0.14300000000000002,0.1428,0.0952,0.191,3.1,0.0
Raffy Lopez,0.23231852790288002,0.236,0.207,0.5,0.0,0.379,3.3,0.0004293036
Breyvic Valera,0.223358,0.2,0.125,0.292,0.0,0.24,2.3,0.0
Brad Miller,0.24416737337292926,0.343,0.20800000000000002,0.41464799999999996,0.028352,0.39299999999999996,2.1,0.0006296101010101008
George Springer,0.2574758783427048,0.308,0.16699999999999998,0.30284799999999995,0.035152,0.35100000000000003,3.9,0.0004133569523809524
Brian Goodwin,0.26458323972000003,0.318,0.217,0.348,0.0,0.292,4.4,0.0031059
James McCann,0.25214384679530205,0.288,0.217,0.331405,0.063595,0.382,1.5,0.000613523489932886
Anthony Rendon,0.2588852441945205,0.291,0.261,0.38587799999999994,0.052121999999999995,0.39,1.4,0.0002968767123287671
Tyler Anderson,0.19122834000000002,0.25,0.25,0.5,0.0,0.16699999999999998,2.6,0.0
Gregory Polanco,0.21821777965552325,0.242,0.179,0.420168,0.067832,0.35200000000000004,4.9,0.0010355197350993377
Francisco Lindor,0.29821084200452175,0.315,0.23800000000000002,0.346288,0.021712000000000002,0.419,4.7,0.0008525817391304345
Alen Hanson,0.20228637549999998,0.311,0.092,0.44599500000000003,0.031005000000000005,0.33299999999999996,7.8,0.0
Brandon Nimmo,0.2754454506909091,0.346,0.214,0.37464,0.07136,0.43,7.3,0.0005547272727272726
Jose Osuna,0.21889437080000002,0.227,0.16699999999999998,0.166732,0.125268,0.25,0.6,0.0
Austin Hedges,0.17331684109999998,0.256,0.156,0.400219,0.06678100000000001,0.267,0.6,0.0
Javier Baez,0.30166415038125,0.291,0.21600000000000003,0.29007,0.03993,0.35200000000000004,8.7,0.0007578593750000001
Cam Gallagher,0.18265000000000003,0.25,0.2,0.45,0.05,0.25,1.6,0.0
Charlie Tilson,0.27998191,0.305,0.21100000000000002,0.1575,0.017499999999999998,0.133,6.0,0.0
Jackie Bradley Jr.,0.2782641272820144,0.241,0.2,0.3036,0.04139999999999999,0.33799999999999997,6.9,0.0024461978417266187
Kelby Tomlinson,0.31187499120000006,0.308,0.27,0.162448,0.013552000000000002,0.231,2.8,0.0
Teoscar Hernandez,0.26086040966092716,0.305,0.205,0.37398400000000004,0.042016,0.368,5.7,0.00026058940397350995
Yoenis Cespedes,0.19033150113362962,0.333,0.16899999999999998,0.42715200000000003,0.10084800000000001,0.337,4.0,0.0008706948148148149
Mikie Mahtook,0.24985067500000002,0.25,0.212,0.36575,0.019250000000000003,0.25,6.6,0.0
Andrew Susac,0.10229610749999997,0.214,0.071,0.35687500000000005,0.214125,0.28600000000000003,1.6,0.0
Josh Bell,0.254249317616733,0.292,0.193,0.29446500000000003,0.040535,0.297,4.0,0.0010662257591623036
Jose Briceno,0.26516166,0.385,0.267,0.4,0.0,0.33299999999999996,1.6,0.0
Luis Sardinas,0.17494988,0.083,0.077,0.308,0.0,0.154,1.6,0.0
Nick Delmonico,0.19656668515200001,0.275,0.174,0.348,0.08700000000000001,0.25,3.4,0.00150144
Blake Swihart,0.2523569748994545,0.217,0.196,0.369104,0.021896,0.348,3.7,0.0005626186363636363
Orlando Arcia,0.242675585,0.261,0.14,0.23525,0.014750000000000001,0.243,2.7,0.0
Mike Zunino,0.23328521719999998,0.28,0.183,0.408408,0.053592,0.441,1.1,0.001065
Ross Stripling,0.23943994000000002,0.182,0.091,0.091,0.0,0.067,4.9,0.0
Joey Rickard,0.1762028139,0.204,0.172,0.413931,0.069069,0.259,1.4,0.0
Spencer Kieboom,0.22971643999999997,0.227,0.22699999999999998,0.318,0.0,0.182,0.3,0.0
Max Muncy,0.2387027865196,0.277,0.177,0.44786499999999996,0.031135,0.45799999999999996,2.3,0.001307587
Deven Marrero,0.33639083550000004,0.226,0.245,0.244595,0.020405,0.359,8.7,0.0
Jake Lamb,0.2788998355748572,0.25,0.182,0.35100000000000003,0.0,0.442,2.4,0.0026716114285714283
Omar Narvaez,0.24989984838076926,0.278,0.24100000000000002,0.328866,0.025133999999999997,0.281,1.0,0.0004088942307692308
Luke Maile,0.3182232754,0.355,0.24600000000000002,0.30724199999999996,0.030757999999999997,0.431,5.9,0.00033200000000000005
Tyler Naquin,0.32591246858666667,0.426,0.222,0.222,0.0,0.429,1.6,0.0006857333333333335
Steven Matz,0.24254206,0.143,0.214,0.214,0.0,0.133,0.1,0.0
Stephen Piscotty,0.29406807895304354,0.297,0.231,0.290136,0.017863999999999998,0.402,1.5,0.0004588434782608696
Erik Gonzalez,0.36056876,0.404,0.271,0.25,0.0,0.43799999999999994,6.1,0.0
Christian Walker,0.21351412,0.333,0.14300000000000002,0.429,0.0,0.28600000000000003,4.9,0.0
Matt Koch,0.26479786,0.2,0.4,0.4,0.0,0.14300000000000002,1.1,0.0
Dwight Smith Jr.,0.21000641999999997,0.32,0.115,0.308,0.0,0.231,1.8,0.0
Tom Murphy,0.41557683999999995,0.462,0.462,0.231,0.0,0.462,0.1,0.0
Jose Ramirez,0.251832004215,0.265,0.212,0.389367,0.04763300000000001,0.371,4.6,0.0009203625
Jesse Winker,0.27482082776692307,0.29,0.22699999999999998,0.33123,0.030770000000000006,0.41,1.1,0.0009755980769230771
Jose Peraza,0.27172632799999996,0.296,0.254,0.33652,0.02148,0.27699999999999997,4.8,0.0
Mallex Smith,0.3007964818999999,0.363,0.242,0.25445100000000004,0.012549000000000001,0.263,6.6,0.0
Mookie Betts,0.27361545432962964,0.327,0.217,0.40582300000000004,0.06117700000000001,0.444,7.0,0.00023481481481481481
Ketel Marte,0.2859486224999999,0.269,0.166,0.256025,0.018975000000000002,0.34,6.1,0.0
Carson Kelly,0.19834541999999997,0.105,0.053,0.368,0.0,0.381,0.1,0.0
Jeimer Candelario,0.2572171111275616,0.313,0.188,0.3688,0.031200000000000002,0.369,5.0,0.0007908101369863012
Corey Seager,0.3210377627724337,0.301,0.282,0.271,0.0,0.353,2.9,0.0003076221686746988
Preston Tucker,0.27981058892126315,0.325,0.228,0.278768,0.025232,0.35,1.5,0.0017774147368421049
Sal Romano,0.3184675,0.2,0.25,0.0,0.0,0.125,0.1,0.0
David Dahl,0.2778472895272727,0.35,0.203,0.359,0.0,0.359,5.3,0.0004778181818181817
Tomas Nido,0.3229086639,0.241,0.24100000000000002,0.172431,0.034568999999999996,0.379,2.0,0.0
Chris Taylor,0.28210263999999996,0.311,0.268,0.3476,0.0474,0.335,5.7,0.0
Chris Stratton,0.33553205999999997,0.273,0.3,0.2,0.0,0.353,0.1,0.0
Travis Jankowski,0.2959454524,0.339,0.183,0.146796,0.009204,0.19,7.1,0.0
Rob Refsnyder,0.26834737499999994,0.214,0.22399999999999998,0.32775,0.017249999999999998,0.345,2.0,0.0
Alex Wood,0.22836199999999998,0.0,0.0,0.0,0.0,0.1,2.4,0.0
Kevin Plawecki,0.25582502,0.282,0.10300000000000001,0.2048,0.0512,0.385,2.1,0.0
Matt Duffy,0.3238288315,0.379,0.265,0.204035,0.010964999999999999,0.332,2.7,0.0
Joey Wendle,0.30301752071666666,0.345,0.207,0.266337,0.026663,0.36700000000000005,6.3,0.00047395833333333323
Devon Travis,0.298232485,0.281,0.215,0.20425,0.010750000000000001,0.258,5.2,0.0
Bruce Maxwell,0.31231372388799994,0.214,0.209,0.232704,0.023296,0.442,1.8,0.0008003600000000002
Brent Suter,0.38222120000000004,0.231,0.33299999999999996,0.16699999999999998,0.0,0.4,2.6,0.0
Michael Wacha,0.10292091999999999,0.125,0.0,0.375,0.0,0.046,2.6,0.0
Addison Russell,0.2763800756,0.355,0.255,0.300124,0.05887599999999999,0.314,4.7,0.0
Albert Almora Jr.,0.2694688434516129,0.384,0.21,0.28413,0.03087,0.299,4.2,0.00018387096774193548
Ramon Torres,0.2689488,0.2,0.2,0.24,0.0,0.24,2.6,0.0
Joey Gallo,0.23308026118400002,0.25,0.188,0.45848,0.06252,0.48,2.5,0.0020264799999999998
Dan Vogelbach,0.31109131580000005,0.289,0.225,0.2499,0.05009999999999999,0.5,0.7,0.0031635
Greg Bird,0.2193637848,0.256,0.109,0.435,0.0,0.413,2.6,0.0036560000000000004
Jose Rondon,0.2899083751,0.31,0.226,0.354879,0.032121000000000004,0.406,6.0,0.0
Daniel Robertson,0.24643202920000004,0.309,0.16899999999999998,0.29946799999999996,0.038532,0.331,2.6,0.0
Mac Williamson,0.26099072774865456,0.273,0.18600000000000003,0.28792,0.017079999999999998,0.305,3.1,0.0009498676363636362
Byron Buxton,0.28508368500000003,0.226,0.233,0.28304999999999997,0.049949999999999994,0.302,7.0,0.0
Carlos Correa,0.2814564122752096,0.318,0.235,0.31102199999999997,0.021977999999999998,0.322,4.4,0.00011795928143712576
Jorge Soler,0.2799694479448276,0.34,0.192,0.29512000000000005,0.04488,0.43,2.8,0.0005809655172413793
Yasiel Puig,0.24165920110791364,0.284,0.18899999999999997,0.33784000000000003,0.07416,0.342,4.9,0.0003588129496402877
Mitch Haniger,0.2536467758493855,0.302,0.16899999999999998,0.37422,0.030780000000000002,0.41,3.9,0.0005445184357541899
Wilmer Difo,0.27621590835784615,0.285,0.259,0.24650999999999998,0.05049,0.196,6.5,0.00011347615384615384
Nick Williams,0.2734541775862745,0.276,0.212,0.28324099999999997,0.017759,0.301,3.6,0.0007400490196078431
Matt Olson,0.2789377050188679,0.282,0.209,0.412104,0.033896,0.525,2.6,0.0017892264150943394
Lewis Brinson,0.265203835,0.216,0.163,0.30615000000000003,0.01885,0.37,3.6,0.0
Ty Blach,0.19516479999999997,0.083,0.091,0.273,0.0,0.2,0.1,0.0
Ronald Guzman,0.2516019072408163,0.295,0.223,0.348288,0.03571200000000001,0.28600000000000003,4.6,0.0012431632653061224
Renato Nunez,0.128806248,0.208,0.08,0.43992000000000003,0.08008,0.28,0.3,0.0
Pedro Severino,0.2372230428,0.257,0.23199999999999998,0.303212,0.060787999999999995,0.23800000000000002,2.8,0.0
Jesmuel Valentin,0.22602879690000002,0.333,0.273,0.36360099999999995,0.045398999999999995,0.22699999999999998,0.3,0.0
Anthony Santander,0.2413050513070769,0.241,0.203,0.32886000000000004,0.07614,0.313,4.9,0.0013635569230769232
Nomar Mazara,0.30782763349923914,0.296,0.205,0.22488,0.01512,0.38,3.3,0.0025900703804347825
Max Moroff,0.12959403869999997,0.375,0.17600000000000002,0.5881230000000001,0.058877,0.278,0.4,0.0
Carlos Tocci,0.25392486,0.143,0.35700000000000004,0.35700000000000004,0.0,0.133,0.1,0.0
Franmil Reyes,0.2610661608,0.311,0.17600000000000002,0.333232,0.019767999999999997,0.41200000000000003,1.3,0.0
Franchy Cordero,0.35113917105263165,0.338,0.253,0.289,0.0,0.48200000000000004,5.7,0.0009039473684210527
David Bote,0.32627612,0.333,0.267,0.13340000000000002,0.06659999999999999,0.33299999999999996,3.4,0.0
Tzu-Wei Lin,0.34012935199999994,0.24,0.32,0.16008,0.07991999999999999,0.4,1.4,0.0
Manuel Margot,0.271534836,0.286,0.163,0.27424,0.04576000000000001,0.359,5.8,0.0
Phillip Ervin,0.29941317000000006,0.308,0.385,0.11549999999999999,0.1925,0.231,3.7,0.0
Kyle Farmer,0.3227862555,0.28,0.306,0.244595,0.020405,0.38,0.1,0.0
JaCoby Jones,0.29650251260601385,0.297,0.23399999999999999,0.27223200000000003,0.069768,0.369,6.8,0.0003162747586206896
Zack Godley,0.2949361,0.429,0.429,0.0,0.14300000000000002,0.0,0.1,0.0
Caleb Smith,0.28167833999999997,0.375,0.125,0.0,0.0,0.16699999999999998,0.1,0.0
Pat Valaika,0.1895957681,0.17,0.17600000000000002,0.294049,0.05895099999999999,0.16699999999999998,0.4,0.0
Tony Kemp,0.3215886,0.338,0.299,0.26899999999999996,0.0,0.31,3.8,0.0
Daniel Palka,0.26759767760000003,0.33,0.17,0.29988,0.06011999999999999,0.39,5.7,0.002132
Jon Gray,0.26759,0.3,0.2,0.0,0.0,0.0,0.1,0.0
Andrew Knapp,0.2538214161465,0.28,0.196,0.313817,0.039182999999999996,0.275,5.9,0.00118894875
Johan Camargo,0.24749786628108109,0.239,0.168,0.29408399999999996,0.08391599999999999,0.40299999999999997,2.7,0.0005644324324324323
Victor Caratini,0.3203855490178723,0.34,0.28,0.16,0.0,0.24,2.0,0.00037031489361702137
Chad Kuhl,0.13769626129999998,0.2,0.0,0.15407700000000002,0.07692299999999999,0.048,2.6,0.0
German Marquez,0.27883886,0.333,0.235,0.059000000000000004,0.059000000000000004,0.158,0.1,0.0
Johnny Field,0.2718002718,0.31,0.231,0.31902200000000003,0.054978,0.34,5.1,0.0
Adam Engel,0.21071344459999997,0.291,0.175,0.34173400000000004,0.09526600000000002,0.242,6.9,0.0
Boog Powell,0.29320876,0.222,0.111,0.16699999999999998,0.0,0.278,8.0,0.0
Ryan McMahon,0.2954549179,0.305,0.25,0.200291,0.016708999999999998,0.25,2.6,0.0
Hunter Dozier,0.24938051000000003,0.309,0.16899999999999998,0.3807,0.042300000000000004,0.479,0.8,0.0
Trey Mancini,0.27004037519779006,0.273,0.188,0.24104,0.020960000000000003,0.319,1.5,0.00030818232044198897
Mitch Garver,0.28201532500000004,0.31,0.258,0.23625000000000002,0.07875,0.36,1.0,0.0
Tim Anderson,0.25652543950943396,0.282,0.195,0.356796,0.017204,0.28,7.0,0.0001301132075471698
Chad Pinder,0.27931724169999994,0.326,0.14400000000000002,0.322593,0.044407,0.511,3.8,0.0
Jake Bauers,0.4362227382056,0.346,0.40700000000000003,0.111,0.074,0.519,4.6,0.0013943820000000002
Carlos Asuaje,0.24698470113543528,0.213,0.17800000000000002,0.34473599999999993,0.033264,0.396,1.0,0.0013636545882352944
Brandon Dixon,0.2741212599999999,0.267,0.133,0.2,0.0,0.313,2.6,0.0
Adam Frazier,0.23602963999999999,0.264,0.14300000000000002,0.28600000000000003,0.0,0.20199999999999999,5.1,0.0
Austin Wynns,0.38304671999999995,0.333,0.462,0.077,0.077,0.231,2.6,0.0
Mike Tauchman,0.25185044,0.176,0.11800000000000001,0.235,0.0,0.222,6.1,0.0
Kris Bryant,0.2569624757743086,0.333,0.242,0.386715,0.048285,0.36,3.8,0.0013820893142857137
Ryon Healy,0.25045709710794367,0.278,0.205,0.35893800000000003,0.032062,0.376,1.4,0.0005762405633802817
Daniel Castro,0.18313998440000004,0.184,0.128,0.230676,0.051323999999999995,0.128,0.3,0.0
Nick Pivetta,0.27300682,0.3,0.2,0.1,0.0,0.091,2.6,0.0
Hunter Renfroe,0.31262376925519997,0.31,0.257,0.32448499999999997,0.040515,0.46,4.3,0.000892944
Victor Reyes,0.3733776106999999,0.3,0.282,0.15340299999999998,0.025597,0.325,10.0,0.0
J.P. Crawford,0.2904607459555556,0.263,0.24100000000000002,0.29264,0.017359999999999997,0.262,7.4,0.0009457777777777777
Amed Rosario,0.24097463780000003,0.284,0.17300000000000001,0.30036199999999996,0.057638,0.28600000000000003,5.2,0.0
Aaron Judge,0.2815209774817143,0.362,0.182,0.351741,0.025259,0.484,2.9,0.001173762857142857
Dominic Smith,0.3743595625,0.273,0.16699999999999998,0.16699999999999998,0.0,0.667,0.1,0.004168750000000001
Austin Meadows,0.254221568903662,0.338,0.165,0.39216,0.037840000000000006,0.405,6.3,0.0009117633802816901
Jose Abreu,0.25880031764334976,0.314,0.20600000000000002,0.321408,0.05059200000000001,0.37200000000000005,2.5,0.0002286699507389163
Luis Castillo,0.2128482,0.267,0.067,0.267,0.0,0.25,2.6,0.0
Chance Sisco,0.22590643034461538,0.358,0.132,0.382,0.0,0.33299999999999996,3.0,0.0014908153846153848
Tyler O'Neill,0.34378942,0.333,0.381,0.33299999999999996,0.0,0.381,2.2,0.0
Tyler Wade,0.2094067,0.125,0.136,0.22699999999999998,0.0,0.125,0.6,0.0
Miguel Andujar,0.2844931016671676,0.329,0.19899999999999998,0.25926,0.03874,0.354,4.4,0.00010772341040462426
Aledmys Diaz,0.22571833364195126,0.234,0.172,0.35055,0.05944999999999999,0.336,2.8,0.00023244878048780485
Willy Adames,0.19534684499999996,0.368,0.15,0.40005,0.04995,0.3,2.4,0.0
Cody Bellinger,0.2379304758222222,0.28,0.16,0.37136,0.06864,0.375,6.3,0.0018231111111111113
Aaron Nola,0.22357625999999997,0.083,0.2,0.2,0.0,0.063,0.1,0.0
Derek Fisher,0.331303052375,0.257,0.21100000000000002,0.289,0.0,0.41,8.7,0.0023428125
J.D. Davis,0.30331826,0.267,0.258,0.258,0.0,0.32299999999999995,1.9,0.0
Bradley Zimmer,0.33641000930000003,0.367,0.24100000000000002,0.276,0.0,0.436,5.2,0.00018974999999999998
Trea Turner,0.2616112881,0.298,0.152,0.290049,0.036951000000000005,0.33299999999999996,6.2,0.0
Kyle Freeland,0.25479505999999996,0.25,0.182,0.182,0.0,0.14300000000000002,2.6,0.0
Alex Blandino,0.2624565557000001,0.319,0.2,0.31485299999999994,0.014146999999999996,0.34700000000000003,1.5,0.0
Michael Hermosillo,0.2753872,0.2,0.133,0.06659999999999999,0.13340000000000002,0.33299999999999996,5.0,0.0
Yairo Munoz,0.28884392,0.343,0.17800000000000002,0.233,0.0,0.35600000000000004,1.9,0.0
Tyler Mahle,0.1872341,0.143,0.0,0.214,0.0,0.235,0.1,0.0
Michael Conforto,0.20980065304672732,0.254,0.168,0.356874,0.049126,0.294,1.6,0.0016755868181818183
Christian Arroyo,0.34098548000000006,0.361,0.135,0.162,0.0,0.514,3.3,0.0
Luis Guillorme,0.26575449999999995,0.196,0.184,0.265,0.0,0.275,2.9,0.0
Rhys Hoskins,0.22748430596923075,0.311,0.23199999999999998,0.46499999999999997,0.035,0.345,3.0,0.0011132307692307694
Kyle Schwarber,0.2735448813856,0.278,0.182,0.328644,0.029355999999999997,0.41,4.1,0.002603232
Matt Chapman,0.2804898788260364,0.305,0.205,0.31242400000000004,0.07957600000000001,0.46299999999999997,4.2,0.0007047370909090908
Isiah Kiner-Falefa,0.29606760500000007,0.289,0.239,0.26425,0.03775,0.319,5.7,0.0
Ozzie Albies,0.26053677845999995,0.259,0.215,0.366206,0.052794,0.353,6.1,0.00091195
Greg Allen,0.31781995279999997,0.29,0.258,0.28771199999999997,0.045287999999999995,0.366,8.3,0.0
Colin Moran,0.26630950301247996,0.301,0.244,0.32515,0.024849999999999997,0.325,1.6,0.0012535656
Luke Weaver,0.26897346,0.333,0.273,0.182,0.0,0.063,2.6,0.0
Sean Newcomb,0.18408961999999998,0.286,0.0,0.14300000000000002,0.0,0.091,2.6,0.0
Trevor Williams,0.16028,0.154,0.083,0.25,0.0,0.0,2.6,0.0
Gleyber Torres,0.2778680145769231,0.327,0.265,0.37576000000000004,0.05124,0.424,2.5,0.0003331730769230769
Alex Verdugo,0.301099,0.321,0.179,0.14300000000000002,0.0,0.31,1.2,0.0
Grayson Greiner,0.280822248,0.36,0.28,0.19992000000000001,0.08008000000000001,0.28,1.1,0.0
Dustin Fowler,0.275971045544,0.243,0.16699999999999998,0.39729,0.012709999999999999,0.462,5.8,0.00119568
Chad Wallach,0.20118074,0.286,0.14300000000000002,0.214,0.0,0.067,0.6,0.0
Yoan Moncada,0.2972108982542223,0.324,0.23600000000000002,0.37119599999999997,0.006804,0.396,6.1,0.0006731511111111112
Rafael Devers,0.23732109860338982,0.29,0.166,0.34199199999999996,0.052008,0.361,3.2,0.0010977627118644066
J.T. Riddle,0.3289171430999999,0.273,0.27699999999999997,0.169799,0.021201,0.34700000000000003,0.8,0.0
Alex Bregman,0.2691179698411982,0.281,0.225,0.372736,0.04326400000000001,0.39799999999999996,4.3,0.00017445414746543778
Andrew Benintendi,0.2605394622197029,0.322,0.23199999999999998,0.372485,0.022515,0.255,7.7,0.0012777096534653466
Ian Happ,0.24048057062940262,0.372,0.195,0.48323,0.02277,0.414,5.0,0.0008947477922077922
Andrew Stevenson,0.3455885743321212,0.324,0.324,0.147,0.0,0.237,3.1,0.0006860969696969697
Scott Kingery,0.24364904595771814,0.287,0.223,0.343657,0.05734300000000001,0.26899999999999996,5.4,0.0005867114093959731
Paul DeJong,0.2663235904347826,0.337,0.27,0.3698,0.060200000000000004,0.4,1.4,0.00023478260869565215
Harrison Bader,0.3447406142,0.326,0.287,0.170118,0.063882,0.35100000000000003,6.7,0.0
Brian Anderson,0.30692556182684877,0.368,0.21100000000000002,0.258594,0.023406,0.40399999999999997,4.1,0.00015788721951219512
Dansby Swanson,0.2797076784,0.34,0.221,0.32253600000000004,0.033464,0.35100000000000003,5.3,0.0
Ronald Acuna,0.2534121710532603,0.342,0.136,0.370115,0.024885,0.444,3.9,0.0009360083561643835
Kenta Maeda,0.1335335379,0.182,0.091,0.18209100000000003,0.09090899999999999,0.0,0.1,0.0
Guillermo Heredia,0.24452946,0.288,0.22699999999999998,0.3276,0.0364,0.261,2.9,0.0
Yulieski Gurriel,0.2799452433618493,0.33,0.215,0.273564,0.024435999999999996,0.327,3.3,0.00027163698492462305
Lourdes Gurriel,0.25671046,0.245,0.196,0.353,0.0,0.33299999999999996,2.5,0.0
Jose  Miguel Fernandez,0.40769654000000005,0.292,0.41700000000000004,0.16699999999999998,0.0,0.41700000000000004,0.4,0.0
Walker Buehler,0.28014333999999996,0.182,0.0,0.1,0.0,0.41700000000000004,2.6,0.0
Shohei Ohtani,0.3207444405333333,0.36,0.222,0.24724800000000002,0.024752,0.42,4.7,0.0016866666666666666
Juan Soto,0.3143665991637736,0.345,0.233,0.3,0.0,0.41700000000000004,3.8,0.0007824452830188679
